Workbook

Sheet Name_wise
H1: Name wise Meal Calculation
A2: ID | B2: Name | C2: Money_Collected | G2: Total_Money_Given | H2: Khala_Bill | I2: Electricity_Bill | J2: Sweet | K2: Paper_Bill | L2: Money | M2: Total Meal | N2: Total_Cost | O2: Remaining_Money | R2: 45597 | S2: 45598 | T2: 45599 | U2: 45600 | V2: 45601 | W2: 45602 | X2: 45603 | Y2: 45604 | Z2: 45605 | AA2: 45606 | AB2: 45607 | AC2: 45608 | AD2: 45609 | AE2: 45610 | AF2: 45611 | AG2: 45612 | AH2: 45613 | AI2: 45614 | AJ2: 45615 | AK2: 45616 | AL2: 45617 | AM2: 45618 | AN2: 45619 | AO2: 45620 | AP2: 45621 | AQ2: 45622 | AR2: 45623 | AS2: 45624 | AT2: 45625 | AU2: 45626
A3: 1 | B3: Parvej | C3: 1000 | D3: 500 | E3: 400 | G3: =SUM(C3:F3) -> 1900 | H3: 200 | I3: =Date_Wise!$E$33/23 -> 186.95652 | J3: 13 | K3: 15.652174 | L3: =G3-(H3+I3+J3+K3) -> 1484.3913 | M3: =SUM(R3:AU3) -> 27.5 | N3: =M3*Date_Wise!D$33 -> 1345.0036 | O3: =L3-N3 -> 139.3877 | P3: =IF(O3>0, O3," ") -> 139.3877 | Q3: =IF(O3<0, O3," ") | T3: 1.5 | U3: 1.5 | V3: 1.5 | W3: 1.5 | X3: 1.5 | Y3: 2.5 | Z3: 1.5 | AA3: 1.5 | AB3: 1.5 | AC3: 1.5 | AD3: 1.5 | AH3: 1 | AI3: 1 | AJ3: 1 | AK3: 1 | AO3: 1 | AP3: 1 | AR3: 1 | AS3: 1 | AT3: 1 | AU3: 1
A4: 2 | B4: Shafi | C4: 500 | D4: 1000 | G4: =SUM(C4:F4) -> 1500 | H4: 200 | I4: =Date_Wise!$E$33/23 -> 186.95652 | J4: 13 | K4: 15.652174 | L4: =G4-(H4+I4+J4+K4) -> 1084.3913 | M4: =SUM(R4:AU4)-10 -> 46.5 | N4: =M4*Date_Wise!D$33 -> 2274.2788 | O4: =L4-N4 -> -1189.8875 | P4: =IF(O4>0, O4," ") | Q4: =IF(O4<0, O4," ") -> -1189.8875 | R4: 2 | S4: 2 | T4: 2 | U4: 2 | V4: 2 | W4: 3 | X4: 2 | Y4: 2.5 | Z4: 2 | AA4: 2 | AB4: 2 | AC4: 2 | AD4: 2 | AE4: 1 | AF4: 1 | AH4: 2 | AI4: 2 | AJ4: 2 | AK4: 2 | AL4: 2 | AM4: 2.5 | AN4: 2 | AO4: 2 | AP4: 2 | AQ4: 2 | AR4: 2 | AS4: 2 | AT4: 2.5
A5: 3 | B5: Motiur | C5: 500 | D5: 1000 | E5: 500 | G5: =SUM(C5:F5) -> 2000 | H5: 200 | I5: =Date_Wise!$E$33/23 -> 186.95652 | J5: 13 | K5: 15.652174 | L5: =G5-(H5+I5+J5+K5) -> 1584.3913 | M5: =SUM(R5:AU5) -> 27.5 | N5: =M5*Date_Wise!D$33 -> 1345.0036 | O5: =L5-N5 -> 239.3877 | P5: =IF(O5>0, O5," ") -> 239.3877 | Q5: =IF(O5<0, O5," ") | R5: 2.5 | S5: 2.5 | T5: 2.5 | U5: 2.5 | V5: 2.5 | W5: 2.5 | X5: 2.5 | Y5: 2.5 | Z5: 2.5 | AA5: 2.5 | AB5: 2.5
A6: 4 | B6: Najmul | C6: 2000 | D6: 500 | G6: =SUM(C6:F6) -> 2500 | H6: 200 | I6: =Date_Wise!$E$33/23 -> 186.95652 | J6: 13 | K6: 15.652174 | L6: =G6-(H6+I6+J6+K6) -> 2084.3913 | M6: =SUM(R6:AU6) -> 45 | N6: =M6*Date_Wise!D$33 -> 2200.915 | O6: =L6-N6 -> -116.52368 | P6: =IF(O6>0, O6," ") | Q6: =IF(O6<0, O6," ") -> -116.52368 | R6: 2 | S6: 2 | T6: 2 | U6: 2 | V6: 2 | W6: 2 | X6: 2 | Y6: 2.5 | Z6: 2 | AA6: 2 | AB6: 1 | AC6: 2 | AD6: 2 | AI6: 1 | AJ6: 1 | AK6: 2 | AL6: 2 | AM6: 2.5 | AN6: 2 | AO6: 2.5 | AP6: 2.5 | AQ6: 1 | AS6: 1 | AT6: 1 | AU6: 1
A7: 5 | B7: Mamun | C7: 500 | D7: 500 | G7: =SUM(C7:F7) -> 1000 | H7: 200 | I7: =Date_Wise!$E$33/23 -> 186.95652 | J7: 13 | K7: 15.652174 | L7: =G7-(H7+I7+J7+K7) -> 584.3913 | M7: =SUM(R7:AU7) -> 16 | N7: =M7*Date_Wise!D$33 -> 782.54755 | O7: =L7-N7 -> -198.15625 | P7: =IF(O7>0, O7," ") | Q7: =IF(O7<0, O7," ") -> -198.15625 | R7: 2 | S7: 2 | T7: 1 | U7: 3 | V7: 2 | W7: 2 | AQ7: 1 | AR7: 1 | AU7: 2
A8: 6 | B8: Mahfuz | C8: 1600 | D8: 300 | G8: =SUM(C8:F8) -> 1900 | H8: 200 | I8: =Date_Wise!$E$33/23 -> 186.95652 | J8: 13 | K8: 15.652174 | L8: =G8-(H8+I8+J8+K8) -> 1484.3913 | M8: =SUM(R8:AU8) -> 31 | N8: =M8*Date_Wise!D$33 -> 1516.1859 | O8: =L8-N8 -> -31.794575 | P8: =IF(O8>0, O8," ") | Q8: =IF(O8<0, O8," ") -> -31.794575 | R8: 1 | S8: 1 | T8: 1 | U8: 1 | V8: 1 | W8: 1 | X8: 1 | Y8: 2.5 | Z8: 1 | AA8: 1 | AB8: 1 | AC8: 1 | AD8: 1 | AE8: 1 | AF8: 1 | AH8: 1 | AI8: 1 | AJ8: 1 | AK8: 1 | AL8: 1 | AM8: 2.5 | AN8: 1 | AO8: 1 | AP8: 1 | AQ8: 1 | AR8: 1 | AT8: 1 | AU8: 1
A9: 7 | B9: Nasim | C9: 300 | D9: 1500 | G9: =SUM(C9:F9) -> 1800 | H9: 200 | I9: =Date_Wise!$E$33/23 -> 186.95652 | J9: 13 | K9: 15.652174 | L9: =G9-(H9+I9+J9+K9) -> 1384.3913 | M9: =SUM(R9:AU9) -> 16.5 | N9: =M9*Date_Wise!D$33 -> 807.00216 | O9: =L9-N9 -> 577.38914 | P9: =IF(O9>0, O9," ") -> 577.38914 | Q9: =IF(O9<0, O9," ") | T9: 1 | U9: 1 | V9: 1 | W9: 1 | X9: 1 | Y9: 2.5 | Z9: 1 | AA9: 1 | AB9: 1 | AC9: 1 | AD9: 1 | AH9: 1 | AI9: 1 | AJ9: 1 | AK9: 1
A10: 8 | B10: Elias | C10: 1500 | D10: 500 | G10: =SUM(C10:F10) -> 2000 | H10: 200 | I10: =Date_Wise!$E$33/23 -> 186.95652 | J10: 13 | K10: 15.652174 | L10: =G10-(H10+I10+J10+K10) -> 1584.3913 | M10: =SUM(R10:AU10) -> 26.5 | N10: =M10*Date_Wise!D$33 -> 1296.0944 | O10: =L10-N10 -> 288.29692 | P10: =IF(O10>0, O10," ") -> 288.29692 | Q10: =IF(O10<0, O10," ") | R10: 1 | S10: 1 | T10: 1 | U10: 1 | V10: 1 | W10: 1 | X10: 1 | Y10: 2.5 | Z10: 1 | AA10: 1 | AB10: 1 | AC10: 1 | AD10: 1 | AH10: 1 | AI10: 1 | AJ10: 1 | AK10: 1 | AL10: 1 | AO10: 1 | AP10: 1 | AQ10: 1 | AR10: 1 | AS10: 1 | AT10: 1 | AU10: 1
A11: 9 | B11: Istiak | C11: 500 | D11: 1000 | G11: =SUM(C11:F11) -> 1500 | H11: 200 | I11: =Date_Wise!$E$33/23 -> 186.95652 | J11: 13 | K11: 15.652174 | L11: =G11-(H11+I11+J11+K11) -> 1084.3913 | M11: =SUM(R11:AU11) -> 19 | N11: =M11*Date_Wise!D$33 -> 929.27522 | O11: =L11-N11 -> 155.11609 | P11: =IF(O11>0, O11," ") -> 155.11609 | Q11: =IF(O11<0, O11," ") | U11: 2.5 | V11: 1.5 | W11: 0.5 | X11: 1.5 | Y11: 2.5 | Z11: 1.5 | AA11: 1 | AB11: 1 | AK11: 1 | AL11: 1 | AR11: 2 | AS11: 1 | AT11: 1 | AU11: 1
A12: 10 | B12: Mehedi | C12: 3000 | G12: =SUM(C12:F12) -> 3000 | H12: 200 | I12: =Date_Wise!$E$33/23 -> 186.95652 | J12: 13 | K12: 15.652174 | L12: =G12-(H12+I12+J12+K12) -> 2584.3913 | M12: =SUM(R12:AU12) -> 43.5 | N12: =M12*Date_Wise!D$33 -> 2127.5512 | O12: =L12-N12 -> 456.84015 | P12: =IF(O12>0, O12," ") -> 456.84015 | Q12: =IF(O12<0, O12," ") | S12: 2 | U12: 2.5 | V12: 2.5 | W12: 2.5 | X12: 2.5 | Y12: 2.5 | Z12: 2.5 | AA12: 2.5 | AB12: 2.5 | AC12: 2.5 | AD12: 1.5 | AE12: 0.5 | AH12: 2.5 | AJ12: 1 | AK12: 2.5 | AL12: 5 | AM12: 2.5 | AO12: 2.5 | AQ12: 1
A13: 11 | B13: Shahin | C13: 1000 | D13: 500 | G13: =SUM(C13:F13) -> 1500 | H13: 200 | I13: =Date_Wise!$E$33/23 -> 186.95652 | J13: 13 | K13: 15.652174 | L13: =G13-(H13+I13+J13+K13) -> 1084.3913 | M13: =SUM(R13:AU13) -> 26.5 | N13: =M13*Date_Wise!D$33 -> 1296.0944 | O13: =L13-N13 -> -211.70308 | P13: =IF(O13>0, O13," ") | Q13: =IF(O13<0, O13," ") -> -211.70308 | R13: 1 | S13: 1 | T13: 1 | U13: 1 | V13: 1 | W13: 1 | X13: 1 | Y13: 2.5 | Z13: 1 | AA13: 1 | AB13: 1 | AC13: 1 | AD13: 1 | AE13: 1 | AF13: 1 | AH13: 1 | AI13: 1 | AJ13: 1 | AK13: 1 | AO13: 1 | AP13: 1 | AQ13: 1 | AR13: 1 | AT13: 1 | AU13: 1
A14: 12 | B14: Shihab | C14: 1500 | D14: 300 | G14: =SUM(C14:F14) -> 1800 | H14: 200 | I14: =Date_Wise!$E$33/23 -> 186.95652 | J14: 13 | K14: 15.652174 | L14: =G14-(H14+I14+J14+K14) -> 1384.3913 | M14: =SUM(R14:AU14) -> 12.5 | N14: =M14*Date_Wise!D$33 -> 611.36527 | O14: =L14-N14 -> 773.02603 | P14: =IF(O14>0, O14," ") -> 773.02603 | Q14: =IF(O14<0, O14," ") | U14: 2 | V14: 1 | AA14: 2 | AB14: 2 | AC14: 1 | AJ14: 1 | AK14: 1 | AM14: 2.5
A15: 13 | B15: Manik | C15: 500 | G15: =SUM(C15:F15) -> 500 | H15: 200 | I15: =Date_Wise!$E$33/23 -> 186.95652 | J15: 13 | K15: 15.652174 | L15: =G15-(H15+I15+J15+K15) -> 84.391304 | M15: =SUM(R15:AU15) -> 17 | N15: =M15*Date_Wise!D$33 -> 831.45677 | O15: =L15-N15 -> -747.06547 | P15: =IF(O15>0, O15," ") | Q15: =IF(O15<0, O15," ") -> -747.06547 | R15: 2.5 | S15: 2.5 | T15: 0.5 | U15: 3.5 | V15: 2.5 | W15: 0.5 | AH15: 2.5 | AI15: 1.5 | AJ15: 0.5 | AK15: 0.5
A16: 14 | B16: Naim | C16: 1500 | G16: =SUM(C16:F16) -> 1500 | H16: 200 | I16: =Date_Wise!$E$33/23 -> 186.95652 | J16: 13 | K16: 15.652174 | L16: =G16-(H16+I16+J16+K16) -> 1084.3913 | M16: =SUM(R16:AU16) -> 23.5 | N16: =M16*Date_Wise!D$33 -> 1149.3667 | O16: =L16-N16 -> -64.97541 | P16: =IF(O16>0, O16," ") | Q16: =IF(O16<0, O16," ") -> -64.97541 | U16: 2 | V16: 2 | W16: 2 | X16: 2 | Y16: 2.5 | Z16: 1 | AA16: 1 | AB16: 1 | AC16: 1 | AD16: 1 | AE16: 4 | AR16: 1 | AS16: 1 | AT16: 1 | AU16: 1
A17: 15 | B17: Delowar | C17: 1000 | D17: 700 | E17: 500 | F17: 400 | G17: =SUM(C17:F17) -> 2600 | H17: 200 | I17: =Date_Wise!$E$33/23 -> 186.95652 | J17: 13 | K17: 15.652174 | L17: =G17-(H17+I17+J17+K17) -> 2184.3913 | M17: =SUM(R17:AU17) -> 43 | N17: =M17*Date_Wise!D$33 -> 2103.0965 | O17: =L17-N17 -> 81.294763 | P17: =IF(O17>0, O17," ") -> 81.294763 | Q17: =IF(O17<0, O17," ") | R17: 1 | S17: 2 | T17: 1 | U17: 2.5 | V17: 2.5 | W17: 2.5 | X17: 2.5 | Y17: 2.5 | Z17: 2.5 | AA17: 2.5 | AB17: 2.5 | AC17: 2.5 | AH17: 2 | AJ17: 1 | AK17: 1 | AL17: 1 | AM17: 2.5 | AN17: 1 | AO17: 1.5 | AP17: 0.5 | AQ17: 1.5 | AR17: 1.5 | AS17: 1 | AT17: 1 | AU17: 1
A18: 16 | B18: Siam | C18: 2000 | D18: 500 | G18: =SUM(C18:F18) -> 2500 | H18: 200 | I18: =Date_Wise!$E$33/23 -> 186.95652 | J18: 13 | K18: 15.652174 | L18: =G18-(H18+I18+J18+K18) -> 2084.3913 | M18: =SUM(R18:AU18) -> 40 | N18: =M18*Date_Wise!D$33 -> 1956.3689 | O18: =L18-N18 -> 128.02243 | P18: =IF(O18>0, O18," ") -> 128.02243 | Q18: =IF(O18<0, O18," ") | R18: 1.5 | S18: 1.5 | T18: 1.5 | U18: 1.5 | V18: 1.5 | W18: 1.5 | X18: 1.5 | Y18: 2.5 | Z18: 1.5 | AA18: 1.5 | AB18: 1.5 | AC18: 1.5 | AD18: 1.5 | AE18: 1.5 | AF18: 1 | AH18: 1.5 | AI18: 1.5 | AJ18: 1.5 | AK18: 1.5 | AP18: 1.5 | AQ18: 1.5 | AR18: 1.5 | AS18: 1.5 | AT18: 2.5 | AU18: 2.5
A19: 17 | B19: Konok | C19: 1000 | D19: 500 | E19: 700 | G19: =SUM(C19:F19) -> 2200 | H19: 200 | I19: =Date_Wise!$E$33/23 -> 186.95652 | J19: 13 | K19: 15.652174 | L19: =G19-(H19+I19+J19+K19) -> 1784.3913 | M19: =SUM(R19:AU19) -> 37.5 | N19: =M19*Date_Wise!D$33 -> 1834.0958 | O19: =L19-N19 -> -49.704517 | P19: =IF(O19>0, O19," ") | Q19: =IF(O19<0, O19," ") -> -49.704517 | R19: 1.5 | S19: 1.5 | T19: 1.5 | U19: 1.5 | V19: 1.5 | W19: 1.5 | X19: 1.5 | Y19: 2.5 | Z19: 1.5 | AA19: 1.5 | AB19: 1.5 | AC19: 1.5 | AD19: 1.5 | AE19: 1.5 | AL19: 1.5 | AM19: 2.5 | AN19: 1 | AO19: 1.5 | AP19: 1.5 | AQ19: 1.5 | AR19: 1.5 | AS19: 1.5 | AT19: 1.5 | AU19: 1.5
A20: 18 | B20: Khorshed | C20: 400 | G20: =SUM(C20:F20) -> 400 | H20: 200 | I20: =Date_Wise!$E$33/23 -> 186.95652 | J20: 13 | L20: =G20-(H20+I20+J20+K20) -> 0.043478261 | M20: =SUM(R20:AU20) -> 0 | N20: =M20*Date_Wise!D$33 -> 0 | O20: =L20-N20 -> 0.043478261 | P20: =IF(O20>0, O20," ") -> 0.043478261 | Q20: =IF(O20<0, O20," ")
A21: 19 | B21: Robin | C21: 2000 | D21: 500 | E21: 200 | G21: =SUM(C21:F21) -> 2700 | H21: 200 | I21: =Date_Wise!$E$33/23 -> 186.95652 | J21: 13 | K21: 15.652174 | L21: =G21-(H21+I21+J21+K21) -> 2284.3913 | M21: =SUM(R21:AU21) -> 47.5 | N21: =M21*Date_Wise!D$33 -> 2323.188 | O21: =L21-N21 -> -38.796736 | P21: =IF(O21>0, O21," ") | Q21: =IF(O21<0, O21," ") -> -38.796736 | R21: 2.5 | S21: 2.5 | T21: 2.5 | U21: 2.5 | V21: 2.5 | W21: 2.5 | X21: 2.5 | Y21: 2.5 | Z21: 2.5 | AA21: 2.5 | AB21: 2.5 | AC21: 2.5 | AD21: 1 | AE21: 1 | AF21: 1 | AJ21: 1 | AK21: 1 | AL21: 1 | AM21: 2.5 | AN21: 1 | AO21: 1 | AP21: 1 | AQ21: 1 | AR21: 1 | AS21: 1 | AT21: 1 | AU21: 2
A22: 20 | B22: Sabbir | C22: 1000 | D22: 500 | G22: =SUM(C22:F22) -> 1500 | H22: 200 | I22: =Date_Wise!$E$33/23 -> 186.95652 | J22: 13 | K22: 15.652174 | L22: =G22-(H22+I22+J22+K22) -> 1084.3913 | M22: =SUM(R22:AU22) -> 32 | N22: =M22*Date_Wise!D$33 -> 1565.0951 | O22: =L22-N22 -> -480.7038 | P22: =IF(O22>0, O22," ") | Q22: =IF(O22<0, O22," ") -> -480.7038 | R22: 1 | S22: 1 | T22: 1 | U22: 1 | V22: 1 | W22: 1 | X22: 1 | Y22: 2.5 | Z22: 1 | AA22: 1 | AB22: 1 | AC22: 1 | AD22: 1 | AE22: 1 | AF22: 1 | AH22: 1 | AI22: 1 | AJ22: 1 | AK22: 1 | AL22: 1 | AM22: 2.5 | AN22: 1 | AO22: 1 | AP22: 1 | AQ22: 1 | AR22: 1 | AS22: 1 | AT22: 1 | AU22: 1
A23: 21 | B23: Tanvir | C23: 1000 | D23: 500 | E23: 400 | G23: =SUM(C23:F23) -> 1900 | H23: 200 | J23: 13 | K23: 15.652174 | L23: =G23-(H23+I23+J23+K23) -> 1671.3478 | M23: =SUM(R23:AU23) -> 37 | N23: =M23*Date_Wise!D$33 -> 1809.6412 | O23: =L23-N23 -> -138.29338 | P23: =IF(O23>0, O23," ") | Q23: =IF(O23<0, O23," ") -> -138.29338 | T23: 2 | U23: 2 | V23: 2 | W23: 2 | X23: 2 | Y23: 2.5 | Z23: 2 | AA23: 2 | AB23: 1 | AC23: 1 | AD23: 1 | AE23: 1 | AF23: 1 | AH23: 1 | AI23: 1 | AJ23: 1 | AK23: 1 | AL23: 1 | AM23: 2.5 | AN23: 1 | AO23: 1 | AP23: 1 | AQ23: 1 | AR23: 1 | AS23: 1 | AT23: 1 | AU23: 1
A24: 22 | B24: Mohidul | C24: 3000 | D24: 500 | G24: =SUM(C24:F24) -> 3500 | H24: 200 | I24: =Date_Wise!$E$33/23 -> 186.95652 | J24: 13 | K24: 15.652174 | L24: =G24-(H24+I24+J24+K24) -> 3084.3913 | M24: =SUM(R24:AU24) -> 52 | N24: =M24*Date_Wise!D$33 -> 2543.2795 | O24: =L24-N24 -> 541.11177 | P24: =IF(O24>0, O24," ") -> 541.11177 | Q24: =IF(O24<0, O24," ") | R24: 2 | S24: 2 | T24: 2 | U24: 2 | V24: 2 | W24: 2 | X24: 2 | Y24: 2.5 | Z24: 2 | AA24: 2 | AB24: 2 | AC24: 2 | AD24: 2 | AH24: 1 | AI24: 1 | AJ24: 2 | AK24: 2 | AL24: 2 | AM24: 2.5 | AN24: 2 | AO24: 2 | AP24: 2 | AQ24: 2 | AR24: 1 | AS24: 2 | AT24: 2 | AU24: 2
A25: 23 | B25: Sadid | C25: 1500 | D25: 500 | G25: =SUM(C25:F25) -> 2000 | H25: 200 | I25: =Date_Wise!$E$33/23 -> 186.95652 | J25: 13 | K25: 15.652174 | L25: =G25-(H25+I25+J25+K25) -> 1584.3913 | M25: =SUM(R25:AU25) -> 26.5 | N25: =M25*Date_Wise!D$33 -> 1296.0944 | O25: =L25-N25 -> 288.29692 | P25: =IF(O25>0, O25," ") -> 288.29692 | Q25: =IF(O25<0, O25," ") | R25: 1.5 | S25: 1.5 | T25: 1.5 | U25: 1.5 | V25: 1.5 | W25: 1.5 | X25: 1.5 | Y25: 2.5 | Z25: 1 | AA25: 1 | AB25: 1 | AC25: 1 | AD25: 1 | AJ25: 1 | AK25: 1 | AL25: 1 | AM25: 2.5 | AN25: 1 | AO25: 1 | AP25: 1
E26: Total Money | G26: =SUM(G3:G25) -> 43700 | M26: =SUM(M3:M25) -> 694
Q27: =5457-SUM(P3:P25)+3227-300 -> 4715.7869

Sheet Date_Wise
A1: Date | B1: Expense | C1: Meal | D1: Meal Rate | E1: Electricity_Bill | G1: Total_Expense | H1: Remaining_Balance | L1: ID
A2: 45597 | B2: =1367+55 -> 1422 | C2: 27.5 | D2: =B2/C2 -> 51.709091 | G2: =B33+E33 -> 38243 | H2: =Name_wise!G26-Date_Wise!G2 -> 5457 | L2: 1
A3: 45598 | B3: 1278 | C3: 30.5 | D3: =B3/C3 -> 41.901639 | L3: 2
A4: 45599 | B4: 1295 | C4: 29 | D4: =B4/C4 -> 44.655172 | E4: 2000 | L4: 3
A5: 45600 | B5: 1726 | C5: 44.5 | D5: =B5/C5 -> 38.786517 | L5: 4
A6: 45601 | B6: 1609 | C6: 40.5 | D6: =B6/C6 -> 39.728395 | L6: 5
A7: 45602 | B7: 1436 | C7: 37.5 | D7: =B7/C7 -> 38.293333 | L7: 6
A8: 45603 | B8: 1357 | C8: 35 | D8: =B8/C8 -> 38.771429 | L8: 7
A9: 45604 | B9: 2636 | C9: 50 | D9: =B9/C9 -> 52.72 | L9: 8
A10: 45605 | B10: 1396 | C10: 33.5 | D10: =B10/C10 -> 41.671642 | L10: 9
A11: 45606 | B11: 1259 | C11: 35 | D11: =B11/C11 -> 35.971429 | L11: 10
A12: 45607 | B12: 1353 | C12: 33 | D12: =B12/C12 -> 41 | E12: 300 | L12: 11
A13: 45608 | B13: 1236 | C13: 29.5 | D13: =B13/C13 -> 41.898305 | E13: 1500 | L13: 12
A14: 45609 | B14: 880 | C14: 23.5 | D14: =B14/C14 -> 37.446809 | L14: 13
A15: 45610 | B15: 825 | C15: 15 | D15: =B15/C15 -> 55 | L15: 14
A16: 45611 | B16: 379 | C16: 8 | D16: =B16/C16 -> 47.375 | L16: 15
A17: 45612 | L17: 16
A18: 45613 | B18: 738 | C18: 21 | D18: =B18/C18 -> 35.142857 | L18: 17
A19: 45614 | B19: 750 | C19: 16.5 | D19: =B19/C19 -> 45.454545 | L19: 18
A20: 45615 | B20: 895 | C20: 21.5 | D20: =B20/C20 -> 41.627907 | L20: 19
A21: 45616 | B21: 1179 | C21: 25 | D21: =B21/C21 -> 47.16 | L21: 20
A22: 45617 | B22: 1293 | C22: 23 | D22: =B22/C22 -> 56.217391 | L22: 21
A23: 45618 | B23: 1894 | C23: 32.5 | D23: =B23/C23 -> 58.276923 | L23: 22
A24: 45619 | B24: 660 | C24: 15 | D24: =B24/C24 -> 44 | L24: 23
A25: 45620 | B25: 1011 | C25: 22.5 | D25: =B25/C25 -> 44.933333
A26: 45621 | B26: 857 | C26: 20.5 | D26: =B26/C26 -> 41.804878
A27: 45622 | B27: 935 | C27: 20 | D27: =B27/C27 -> 46.75
A28: 45623 | B28: 966 | C28: 21 | D28: =B28/C28 -> 46 | E28: 500
A29: 45624 | B29: 750 | C29: 18.5 | D29: =B29/C29 -> 40.540541
A30: 45625 | B30: 960 | C30: 22 | D30: =B30/C30 -> 43.636364
A31: 45626 | B31: 968 | C31: 22.5 | D31: =B31/C31 -> 43.022222
A33: Total | B33: =SUM(B2:B31) -> 33943 | C33: 694 | D33: =B33/C33 -> 48.909222 | E33: =SUM(E2:E31) -> 4300
